,生效日期,总重量(KG),总运费(RMB),运费(KG),加价率,保险费率,保险系数,汇率(RMB/美元)
0,2025.4.1,3156.66,6339.01,2.00813834876103,0.05,0.0005,1.1,0.139275766016713
